{
  "label": "Cortex Data Foundation for SAP - Operational Dashboards",
  "category_label": "Models",
  "branding": {
    "image_uri": "https://marketplace-api.looker.com/block-icons/cortex_icon.png",
    "tagline": "Common operational analytics dashboarding templates for data replicated from SAP S/4 or ERP into BigQuery leveraging Cortex Data Foundation content."
  },

  "constants": {
    "CONNECTION_NAME": {
      "label": "Connection Name",
      "value_constraint": "connection"
    },
    "GCP_PROJECT": {
      "label": "GCP Project Name"
    },
    "REPORTING_DATASET": {
      "label": "Reporting Dataset Name"
    },
     "CLIENT": {
      "label": "SAP Client ID"
    }  
  },
      "models": [
        {
            "name": "cortex_sap_operational",
            "connection_constant": "CONNECTION_NAME"
        }
    ]
  
}
